<?xml version="1.0" encoding="UTF-8" standalone="yes"?>
<contentHaul xmlns:a="http://www.appian.com/ae/types/2009">
    <rule>
        <name>MyForm</name>
        <uuid>_a-0000dcd4-2921-8000-9ccd-01ef9001ef90_2622</uuid>
        <description></description>
        <parentUuid>_a-0000dcd4-2921-8000-9ccd-01ef9001ef90_2621</parentUuid>
        <visibility>
            <advertise>false</advertise>
            <hierarchy>true</hierarchy>
            <indexable>true</indexable>
            <quota>false</quota>
            <searchable>true</searchable>
            <system>false</system>
            <unlogged>false</unlogged>
        </visibility>
        <definition>#&quot;SYSTEM_SYSRULES_formLayout&quot;(
  label: &quot;Expense Form&quot;,
  firstColumnContents: {
    #&quot;SYSTEM_SYSRULES_textField&quot;(
      label: &quot;ExpenseItem&quot;,
      labelPosition: &quot;ABOVE&quot;,
      value: ri!expItem,
      saveInto: ri!expItem,
      refreshAfter: &quot;UNFOCUS&quot;,
      required: true,
      requiredmessage: &quot;Pls. Put Item&quot;,
      validations: {}
    ),
    #&quot;SYSTEM_SYSRULES_floatingPointField&quot;(
      label: &quot;ExpenseAmount&quot;,
      labelPosition: &quot;ABOVE&quot;,
      value: ri!expAmount,
      saveInto: ri!expAmount,
      refreshAfter: &quot;UNFOCUS&quot;,
      required: true,
      requiredmessage: &quot;Pls. Put Amount&quot;,
      validations: {}
    ),
    #&quot;SYSTEM_SYSRULES_dateField&quot;(
      label: &quot;ExpenseDate&quot;,
      labelPosition: &quot;ABOVE&quot;,
      value: ri!expDate,
      saveInto: ri!expDate,
      required: true,
      requiredmessage: &quot;Pls. Put Date&quot;,
      validations: {}
    ),
    if(ri!expAmount&gt;100,#&quot;SYSTEM_SYSRULES_paragraphField&quot;(
      label: &quot;Comment&quot;,
      labelPosition: &quot;ABOVE&quot;,
      value: ri!expComment,
      saveInto: ri!expComment,
      refreshAfter: &quot;UNFOCUS&quot;,
      height: &quot;MEDIUM&quot;,
      validations: {}
    ),{})
  },
  secondColumnContents: {},
  buttons: #&quot;SYSTEM_SYSRULES_ButtonLayout&quot;(
    primaryButtons: {
      #&quot;SYSTEM_SYSRULES_ButtonWidgetSubmit&quot;(
        label: &quot;Submit&quot;,
        style: &quot;PRIMARY&quot;
      )
    }
  )
)</definition>
        <namedTypedValue>
            <name>expItem</name>
            <type>
                <name>string</name>
                <namespace>http://www.w3.org/2001/XMLSchema</namespace>
            </type>
            <value/>
        </namedTypedValue>
        <namedTypedValue>
            <name>expAmount</name>
            <type>
                <name>double</name>
                <namespace>http://www.w3.org/2001/XMLSchema</namespace>
            </type>
        </namedTypedValue>
        <namedTypedValue>
            <name>expDate</name>
            <type>
                <name>date</name>
                <namespace>http://www.w3.org/2001/XMLSchema</namespace>
            </type>
        </namedTypedValue>
        <namedTypedValue>
            <name>expComment</name>
            <type>
                <name>string</name>
                <namespace>http://www.w3.org/2001/XMLSchema</namespace>
            </type>
            <value/>
        </namedTypedValue>
        <preferredEditor>interface</preferredEditor>
        <offlineEnabled>false</offlineEnabled>
    </rule>
    <roleMap public="true">
        <role allowForAll="false" inherit="true" name="readers">
            <users/>
            <groups/>
        </role>
        <role allowForAll="false" inherit="true" name="authors">
            <users/>
            <groups/>
        </role>
        <role allowForAll="false" inherit="true" name="administrators">
            <users/>
            <groups/>
        </role>
        <role allowForAll="false" inherit="false" name="denyReaders">
            <users/>
            <groups/>
        </role>
        <role allowForAll="false" inherit="false" name="denyAuthors">
            <users/>
            <groups/>
        </role>
        <role allowForAll="false" inherit="false" name="denyAdministrators">
            <users/>
            <groups/>
        </role>
    </roleMap>
    <typedValue>
        <type>
            <name>RuleTestConfig?list</name>
            <namespace>http://www.appian.com/ae/types/2009</namespace>
        </type>
        <value>
            <el>
                <a:name/>
                <a:ruleInputTestConfigs>
                    <a:value xmlns:xsd="http://www.w3.org/2001/XMLSchema" xmlns:xsi="http://www.w3.org/2001/XMLSchema-instance" xsi:type="xsd:string"/>
                    <a:nameRef>expItem</a:nameRef>
                    <a:id/>
                </a:ruleInputTestConfigs>
                <a:ruleInputTestConfigs>
                    <a:value xmlns:xsd="http://www.w3.org/2001/XMLSchema" xmlns:xsi="http://www.w3.org/2001/XMLSchema-instance" xsi:nil="true" xsi:type="xsd:double"/>
                    <a:nameRef>expAmount</a:nameRef>
                    <a:id/>
                </a:ruleInputTestConfigs>
                <a:ruleInputTestConfigs>
                    <a:value xmlns:xsd="http://www.w3.org/2001/XMLSchema" xmlns:xsi="http://www.w3.org/2001/XMLSchema-instance" xsi:nil="true" xsi:type="xsd:date"/>
                    <a:nameRef>expDate</a:nameRef>
                    <a:id/>
                </a:ruleInputTestConfigs>
                <a:ruleInputTestConfigs>
                    <a:value xmlns:xsd="http://www.w3.org/2001/XMLSchema" xmlns:xsi="http://www.w3.org/2001/XMLSchema-instance" xsi:type="xsd:string"/>
                    <a:nameRef>expComment</a:nameRef>
                    <a:id/>
                </a:ruleInputTestConfigs>
                <a:assertions xmlns:xsi="http://www.w3.org/2001/XMLSchema-instance" xsi:nil="true"/>
            </el>
        </value>
    </typedValue>
</contentHaul>
